<?xml version="1.0" encoding="UTF-8"?>

<Immunization xmlns="http://hl7.org/fhir">
  <id value="notGiven"/>
  <text>
    <status value="generated"/>
    <div xmlns="http://www.w3.org/1999/xhtml">Refused Immunization Example</div>
  </text>
  <date value="2013-01-10"/>
  <vaccineType>
    <coding>
      <code value="396427003"/>
    </coding>
  </vaccineType>
  <patient>
    <reference value="Patient/example"/>
  </patient>
  <wasNotGiven value="true"/>
  <reported value="false"/>
  <explanation>
    <reasonNotGiven>
      <coding>
        <system value="http://hl7.org/fhir/v3/ActReason"/>
        <code value="MEDPREC"/>
        <display value="medical precaution"/>
      </coding>
    </reasonNotGiven>
  </explanation>
</Immunization>