<?xml version="1.0" encoding="UTF-8"?>

<Immunization xmlns="http://hl7.org/fhir">
  <id value="qicore"/>
  <text>
    <status value="generated"/>
    <div xmlns="http://www.w3.org/1999/xhtml">Authored by Joginder Madra</div>
  </text>
  <date value="2013-01-10"/>
  <vaccineType>
    <coding>
      <code value="396427003"/>
    </coding>
  </vaccineType>
  <patient>
    <reference value="Patient/example"/>
  </patient>
  <wasNotGiven value="false"/>
  <reported value="false"/>
  <performer>
    <reference value="Practitioner/example"/>
  </performer>
  <lotNumber value="AAJN11K"/>
  <expirationDate value="2015-02-15"/>
</Immunization>