<?xml version="1.0" encoding="UTF-8"?>

<NutritionOrder xmlns="http://hl7.org/fhir">
  <id value="cardiacdiet"/><!--   id = cardiacdiet  file name = nutritionorder-example-cardiacdiet.xml  Name= Cardiac Diet  Description = Nutrition Order Cardiac Diet Canonical Example
edited by Eric Haas Health eData Inc  -->
  <text>
    <status value="generated"/>
    <div xmlns="http://www.w3.org/1999/xhtml">
			
      <h3>Nutrition Order Cardiac Diet Canonical Example</h3>
			
      <ul>
				
        <li>
					
          <b>Patient: </b>Peter Chalmers
        </li>
				
        <li>
					
          <b>Orderer: </b>Dr Adam Careful
        </li>
				
        <li>
					
          <b>Date: </b>2014-09-17
        </li>
				
        <li>
					
          <b>Known Allergies: </b>Cashew Nuts
        </li>
				
        <li>
					
          <b>Food Preferences: </b>dairy-free:  Excludes dairy products
        </li>
				
        <li>
					
          <b>Oral Diet Type: </b>
          <ol>
						
            <li>Low Sodium Diet</li>
						
            <li>Fluid restricted diet</li>
					
          </ol>
        </li>
				
        <li>
					
          <b>Nutrients Requirements: </b>
					
          <ol>
						
            <li>2g sodium</li>
						
            <li>1500 cc fluid restriction</li>
					
          </ol>
				
        </li>
				
        <li>
					
          <b>Instructions: </b>Starting on 2/10 breakfast, maximum 400 ml fluids per meal
        </li>
			
      </ul>
		
    </div>
  </text>
  <patient>
    <reference value="Patient/example"/>
    <display value="Peter Chalmers"/>
  </patient>
  <orderer>
    <reference value="Practitioner/example"/>
    <display value="Dr Adam Careful"/>
  </orderer>
  <identifier>
    <system value="http://goodhealthhospital.org/nutrition-orders"/>
    <value value="123"/>
  </identifier>
  <encounter>
    <reference value="Encounter/example"/>
    <display value="Inpatient"/>
  </encounter>
  <dateTime value="2014-09-17"/>
  <allergyIntolerance>
    <reference value="AllergyIntolerance/example"/>
    <display value="Cashew Nuts"/>
  </allergyIntolerance>
  <foodPreferenceModifier>
    <coding>
      <system value="http://hl7.org/fhir/diet"/>
      <code value="dairy-free"/>
      <valueSet>
        <reference value="http://hl7.org/fhir/vs/encounter-diet"/>
        <display value="PatientDiet"/>
      </valueSet>
    </coding>
  </foodPreferenceModifier>
  <excludeFoodModifier>
    <coding>
      <system value="http://snomed.info/sct"/>
      <version value="20140730"/>
      <code value="227493005"/>
      <display value="Cashew Nut"/>
    </coding>
  </excludeFoodModifier><!--   EH: use oral Diet element   -->
  <oralDiet><!--   EH:  list type of diet showing standard code and local codes -  need input on appropriate diet type   -->
    <type><!--    need input from SME on SCT here -what type of diet is this  -->
      <coding>
        <system value="http://snomed.info/sct"/>
        <code value="386619000"/>
        <display value="Low sodium diet"/>
      </coding>
      <coding>
        <system value="http://goodhealthhospital.org/diet-type-codes"/>
        <code value="1040"/>
        <display value="Low Sodium Diet"/>
      </coding>
      <text value="Low sodium diet"/>
    </type>
    <type><!--    need input from SME on SCT here -what type of diet is this  -->
      <coding>
        <system value="http://snomed.info/sct"/>
        <code value="226208002"/>
        <display value="Fluid restricted diet"/>
      </coding>
      <coding>
        <system value="http://goodhealthhospital.org/diet-type-codes"/>
        <code value="1040"/>
        <display value="Fluid restricted diet"/>
      </coding>
      <text value="Fluid restricted diet"/>
    </type><!--   EH example of three times a day starting on 2/10 !!need input on how diets are typically scheduled 
		<scheduled>
			<event>
				<start value="2015-02-10"/>
			</event>
			<repeat>
				<frequency value="3"/>
				<duration value="1"/>
				<units value="d"/>
			</repeat>
		</scheduled>
  -->
    <nutrients>
      <modifier>
        <coding>
          <system value="http://snomed.info/sct"/>
          <code value="39972003"/>
          <display value="Sodium"/>
        </coding>
      </modifier>
      <amount>
        <value value="2"/>
        <units value="grams"/>
        <system value="http://unitsofmeasure.org"/>
        <code value="g"/>
      </amount>
    </nutrients>
    <nutrients>
      <modifier>
        <coding>
          <system value="http://snomed.info/sct"/>
          <code value="33463005"/>
          <display value="Fluid"/>
        </coding>
      </modifier>
      <amount>
        <value value="1500"/>
        <units value="milliliter"/>
        <system value="http://unitsofmeasure.org"/>
        <code value="mL"/>
      </amount>
    </nutrients>
    <instruction value="Starting on 2/10 breakfast, maximum 400 ml fluids per meal"/>
  </oralDiet>
  <status value="active"/>
</NutritionOrder>