<?xml version="1.0" encoding="UTF-8"?><Observation xmlns="http://hl7.org/fhir">
  <id value="f206"/>
 <code><!-- Kind of observation = Blood culture -->
    <coding>
       <system value="http://snomed.info/sct"/>
       <code value="104177005"/>
       <display value="Blood culture for bacteria, including anaerobic screen"/>
    </coding>
 </code>
 <valueCodeableConcept>
     <coding>
        <system value="http://snomed.info/sct"/>
        <code value="3092008"/>
        <display value="Staphylococcus aureus"/>
     </coding>
 </valueCodeableConcept>
 <interpretation>
     <coding>
         <system value="http://hl7.org/fhir/v2/0078"/>
         <code value="POS"/>
     </coding>
 </interpretation>
 <issued value="2013-03-11T10:28:00+01:00"/>
 <status value="final"/>
 <reliability value="ok"/>
 <!-- BodySite not relevant -->
 <method>
    <coding>
       <system value="http://snomed.info/sct"/>
       <code value="104177005"/>
       <display value="Blood culture for bacteria, including anaerobic screen"/>
    </coding>
 </method>
 <!-- No identifier could be provided to this observation -->
 <subject><!-- It entails Roel's Staphylococcus -->
     <reference value="Patient/f201"/>
     <display value="Roel"/>
 </subject>
 <performer><!-- Roel's blood culture was tested by Luigi Maas -->
     <reference value="Practitioner/f202"/>
     <display value="Luigi Maas"/>
 </performer>
 <!-- ReferenceRange and component are not applicable -->
</Observation>