<?xml version="1.0" encoding="UTF-8"?><Observation xmlns="http://hl7.org/fhir">
  <id value="f004"/>
    <code>
        <coding>
            <system value="http://loinc.org"/>
            <code value="789-8"/>
            <display value="Erythrocytes [#/volume] in Blood by Automated count"/>
        </coding>
    </code>
    <valueQuantity>
        <value value="4.12"/>  <!--  Actually, 4.12E+12  -->
        <units value="10^12/L"/>
        <system value="http://unitsofmeasure.org"/>
        <code value="10*12/L"/>
    </valueQuantity>
    <interpretation>
        <coding>
            <system value="http://hl7.org/fhir/v2/0078"/>
            <code value="A"/>
            <display value="abnormal"/>
        </coding>
    </interpretation>
    <appliesPeriod>
        <start value="2013-04-02T10:30:10+01:00"/>
        <end value="2013-04-05T10:30:10+01:00"/>
    </appliesPeriod>
    <issued value="2013-04-03T15:30:10+01:00"/>
    <status value="final"/> <!--   urn:oid:2.16.840.1.113883.4.642.1.7   -->
    <reliability value="ok"/> <!--   2.16.840.1.113883.4.642.1.118   -->
    <bodySiteCodeableConcept>
        <coding>
            <system value="http://snomed.info/id"/>
            <code value="308046002"/>
            <display value="Superficial forearm vein"/>
        </coding>
    </bodySiteCodeableConcept>
    <method>
        <coding>
            <system value="http://snomed.info/id"/>
            <code value="120220003"/>
            <display value="Injection to forearm"/>
        </coding>
    </method>
    <identifier>
        <use value="official"/>
        <system value="http://www.bmc.nl/zorgportal/identifiers/observations"/>
        <value value="6326"/>
    </identifier>
    <subject>
        <reference value="Patient/f001"/>
        <display value="P. van de Heuvel"/>
    </subject>
    <performer>
        <reference value="Practitioner/f005"/>
        <display value="A. Langeveld"/>
    </performer>
    <referenceRange>
        <low>
            <value value="4.4"/><!-- for male gender -->
            <units value="10^12/L"/>
            <system value="http://unitsofmeasure.org"/>
            <code value="10*12/L"/>
        </low>
        <high>
            <value value="5.8"/><!-- for male gender -->
            <units value="10^12/L"/>
            <system value="http://unitsofmeasure.org"/>
            <code value="10*12/L"/>
        </high>
    </referenceRange>
</Observation>