<?xml version="1.0" encoding="UTF-8"?>

<StructureDefinition xmlns="http://hl7.org/fhir">
  <id value="org-uslab-uslaborderfacility"/>
  <text>
    <status value="generated"/>
    <div xmlns="http://www.w3.org/1999/xhtml">to do</div>
  </text>
  <url value="http://hl7.org/fhir/StructureDefinition/org-uslab-uslaborderfacility"/>
  <name value="US Laboratory Organization Profile"/>
  <publisher value="HL7 International - Orders and Observations WG"/>
  <contact>
    <telecom>
      <system value="url"/>
      <value value="http://hl7.org"/>
    </telecom>
  </contact>
  <description value="Orderer&#39;s Organization ( clinic, hospital,etc )"/>
  <status value="draft"/>
  <date value="2014-11-17"/>
  <type value="constraint"/>
  <abstract value="false"/>
  <base value="http://hl7.org/fhir/StructureDefinition/Organization"/>
  <snapshot>
    <element>
      <path value="Organization"/>
      <name value="USLabOrderFacility"/>
      <short value="Orderer&#39;s Organization ( clinic, hospital,etc )"/>
      <definition value="This is the organization associated with the orderer."/>
      <synonym value="Ordering Facility"/>
      <min value="1"/>
      <max value="1"/>
      <type>
        <code value="Organization"/>
      </type>
      <constraint>
        <key value="org-1"/>
        <name value="AtLeastANameOrId"/>
        <severity value="error"/>
        <human value="The organization SHALL at least have a name or an id, and possibly more than one"/>
        <xpath value="count(f:identifier | f:name) &gt; 0"/>
      </constraint>
      <constraint>
        <key value="inv-1"/>
        <name value="NameandorID"/>
        <severity value="error"/>
        <human value="Shall have Organization.name and/or Organization.identifier."/>
        <xpath value="exists(f:name) or exists(f:identifier)"/>
      </constraint>
      <mapping>
        <identity value="v2"/>
        <map value="(also see master files messages)"/>
      </mapping>
      <mapping>
        <identity value="rim"/>
        <map value="Organization(classCode=ORG, determinerCode=INST)"/>
      </mapping>
      <mapping>
        <identity value="servd"/>
        <map value="Organization"/>
      </mapping>
    </element>
    <element>
      <path value="Organization.id"/>
      <short value="Logical id of this artefact"/>
      <definition value="The logical id of the resource, as used in the url for the resoure. Once assigned, this value never changes."/>
      <comments value="The only time that a resource does not have an id is when it is being submitted to the server using a create operation. Bundles always have an id, though it is usually a generated UUID."/>
      <min value="0"/>
      <max value="1"/>
      <type>
        <code value="id"/>
      </type>
    </element>
    <element>
      <path value="Organization.meta"/>
      <short value="Metadata about the resource"/>
      <definition value="The metadata about the resource. This is content that is maintained by the infrastructure. Changes to the content may not always be associated with version changes to the resource."/>
      <min value="0"/>
      <max value="1"/>
      <type>
        <code value="Meta"/>
      </type>
    </element>
    <element>
      <path value="Organization.implicitRules"/>
      <short value="A set of rules under which this content was created"/>
      <definition value="A reference to a set of rules that were followed when the resource was constructed, and which must be understood when processing the content."/>
      <comments value="Asserting this rule set restricts the content to be only understood by a limited set of trading partners. This inherently limits the usefulness of the data in the long term. However the existing health eco-system is highly fractured, and not yet ready to define, collect, and exchange data in a generally computable sense. Wherever possible, implementers and/or specification writers should avoid using this element as much as possible."/>
      <min value="0"/>
      <max value="1"/>
      <type>
        <code value="uri"/>
      </type>
      <isModifier value="true"/>
    </element>
    <element>
      <path value="Organization.language"/>
      <short value="Language of the resource content"/>
      <definition value="The base language in which the resource is written."/>
      <comments value="Language is provided to support indexing and accessibility (typically, services such as text to speech use the language tag). The html language tag in the narrative applies  to the narrative. The language tag on the resource may be used to specify the language of other presentations generated from the data in the resource

Not all the content has to be in the base language. The Resource.language should not be assumed to apply to the narrative automatically. If a language is specified, it should it also be specified on the div element in the html (see rules in HTML5 for information about the relationship between xml:lang and the html lang attribute)."/>
      <min value="0"/>
      <max value="1"/>
      <type>
        <code value="code"/>
      </type>
      <binding>
        <name value="Language"/>
        <isExtensible value="false"/>
        <conformance value="required"/>
        <description value="A human language"/>
        <referenceUri value="http://tools.ietf.org/html/bcp47"/>
      </binding>
    </element>
    <element>
      <path value="Organization.text"/>
      <short value="Text summary of the resource, for human interpretation"/>
      <definition value="A human-readable narrative that contains a summary of the resource, and may be used to represent the content of the resource to a human. The narrative need not encode all the structured data, but is required to contain sufficient detail to make it &quot;clinically safe&quot; for a human to just read the narrative. Resource definitions may define what content should be represented in the narrative to ensure clinical safety."/>
      <comments value="Contained resources do not have narrative. Resources that are not contained SHOULD have a narrative."/>
      <synonym value="narrative"/>
      <synonym value="html"/>
      <synonym value="xhtml"/>
      <synonym value="display"/>
      <min value="1"/>
      <max value="1"/>
      <type>
        <code value="Narrative"/>
      </type>
      <condition value="dom-1"/>
      <mustSupport value="true"/>
      <mapping>
        <identity value="rim"/>
        <map value="Act.text?"/>
      </mapping>
    </element>
    <element>
      <path value="Organization.text.id"/>
      <representation value="xmlAttr"/>
      <short value="xml:id (or equivalent in JSON)"/>
      <definition value="unique id for the element within a resource (for internal references)."/>
      <min value="0"/>
      <max value="1"/>
      <type>
        <code value="id"/>
      </type>
      <mapping>
        <identity value="rim"/>
        <map value="n/a"/>
      </mapping>
    </element>
    <element>
      <path value="Organization.text.extension"/>
      <short value="Additional Content defined by implementations"/>
      <definition value="May be used to represent additional information that is not part of the basic definition of the element. In order to make the use of extensions safe and manageable, there is a strict set of governance  applied to the definition and use of extensions. Though any implementer is allowed to define an extension, there is a set of requirements that SHALL be met as part of the definition of the extension."/>
      <comments value="There can be no stigma associated with the use of extensions by any application, project, or standard - regardless of the institution or jurisdiction that uses or defines the extensions.  The use of extensions is what allows the FHIR specification to retain a core level of simplicity for everyone."/>
      <synonym value="extensions"/>
      <synonym value="user content"/>
      <min value="0"/>
      <max value="*"/>
      <type>
        <code value="Extension"/>
      </type>
      <mapping>
        <identity value="rim"/>
        <map value="n/a"/>
      </mapping>
    </element>
    <element>
      <path value="Organization.text.status"/>
      <short value="generated | extensions | additional | empty"/>
      <definition value="The status of the narrative - whether it&#39;s entirely generated (from just the defined data or the extensions too), or whether a human authored it and it may contain additional data."/>
      <min value="1"/>
      <max value="1"/>
      <type>
        <code value="code"/>
      </type>
      <fixedCode value="generated"/>
      <mustSupport value="true"/>
      <binding>
        <name value="NarrativeStatus"/>
        <isExtensible value="false"/>
        <conformance value="required"/>
        <description value="The status of a resource narrative"/>
        <referenceReference>
          <reference value="http://hl7.org/fhir/vs/narrative-status"/>
        </referenceReference>
      </binding>
      <mapping>
        <identity value="rim"/>
        <map value="N/A"/>
      </mapping>
    </element>
    <element>
      <path value="Organization.text.div"/>
      <short value="Limited xhtml content"/>
      <definition value="The actual narrative content, a stripped down version of XHTML."/>
      <comments value="The contents of the html element are an XHTML fragment containing only the basic html formatting elements described in chapters 7-11 and 15 of the HTML 4.0 standard, &lt;a&gt; elements (either name or href), images and internally contained stylesheets. The XHTML content may not contain a head, a body, external stylesheet references, scripts, forms, base/link/xlink, frames, iframes and objects."/>
      <min value="1"/>
      <max value="1"/>
      <type>
        <code value="xhtml"/>
      </type>
      <constraint>
        <key value="txt-2"/>
        <severity value="error"/>
        <human value="The narrative SHALL have some non-whitespace content"/>
        <xpath value="descendant::text()[normalize-space(.)!=&#39;&#39;] or descendant::h:img[@src]"/>
      </constraint>
      <constraint>
        <key value="txt-1"/>
        <severity value="error"/>
        <human value="The narrative SHALL contain only the basic html formatting elements described in chapters 7-11 (except section 4 of chapter 9) and 15 of the HTML 4.0 standard, &lt;a&gt; elements (either name or href), images and internally contained style attributes"/>
        <xpath value="not(descendant-or-self::*[not(local-name(.)=(&#39;a&#39;, &#39;abbr&#39;, &#39;acronym&#39;, &#39;b&#39;, &#39;big&#39;, &#39;blockquote&#39;, &#39;br&#39;, &#39;caption&#39;, &#39;cite&#39;, &#39;code&#39;, &#39;colgroup&#39;, &#39;dd&#39;, &#39;dfn&#39;, &#39;div&#39;, &#39;dl&#39;, &#39;dt&#39;, &#39;em&#39;, &#39;h1&#39;, &#39;h2&#39;, &#39;h3&#39;, &#39;h4&#39;, &#39;h5&#39;, &#39;h6&#39;, &#39;hr&#39;, &#39;i&#39;, &#39;img&#39;, &#39;li&#39;, &#39;ol&#39;, &#39;p&#39;, &#39;pre&#39;, &#39;q&#39;, &#39;samp&#39;, &#39;small&#39;, &#39;span&#39;, &#39;strong&#39;, &#39;table&#39;, &#39;tbody&#39;, &#39;td&#39;, &#39;tfoot&#39;, &#39;th&#39;, &#39;thead&#39;, &#39;tr&#39;, &#39;tt&#39;, &#39;ul&#39;, &#39;var&#39;))])"/>
      </constraint>
      <constraint>
        <key value="txt-3"/>
        <severity value="error"/>
        <human value="The narrative SHALL contain only the basic html formatting attributes described in chapters 7-11 (except section 4 of chapter 9) and 15 of the HTML 4.0 standard, &lt;a&gt; elements (either name or href), images and internally contained style attributes"/>
        <xpath value="not(descendant-or-self::*/@*[not(name(.)=(&#39;abbr&#39;, &#39;accesskey&#39;, &#39;align&#39;, &#39;alt&#39;, &#39;axis&#39;, &#39;bgcolor&#39;, &#39;border&#39;, &#39;cellhalign&#39;, &#39;cellpadding&#39;, &#39;cellspacing&#39;, &#39;cellvalign&#39;, &#39;char&#39;, &#39;charoff&#39;, &#39;charset&#39;, &#39;cite&#39;, &#39;class&#39;, &#39;colspan&#39;, &#39;compact&#39;, &#39;coords&#39;, &#39;dir&#39;, &#39;frame&#39;, &#39;headers&#39;, &#39;height&#39;, &#39;href&#39;, &#39;hreflang&#39;, &#39;hspace&#39;, &#39;id&#39;, &#39;lang&#39;, &#39;longdesc&#39;, &#39;name&#39;, &#39;nowrap&#39;, &#39;rel&#39;, &#39;rev&#39;, &#39;rowspan&#39;, &#39;rules&#39;, &#39;scope&#39;, &#39;shape&#39;, &#39;span&#39;, &#39;src&#39;, &#39;start&#39;, &#39;style&#39;, &#39;summary&#39;, &#39;tabindex&#39;, &#39;title&#39;, &#39;type&#39;, &#39;valign&#39;, &#39;value&#39;, &#39;vspace&#39;, &#39;width&#39;))])"/>
      </constraint>
      <mapping>
        <identity value="rim"/>
        <map value="N/A"/>
      </mapping>
    </element>
    <element>
      <path value="Organization.contained"/>
      <short value="Contained, inline Resources"/>
      <definition value="These resources do not have an independent existence apart from the resource that contains them - they cannot be identified independently, and nor can they have their own independent transaction scope."/>
      <comments value="This should never be done when the content can be identified properly, as once identification is lost, it is extremely difficult (and context dependent) to restore it again."/>
      <synonym value="inline resources"/>
      <synonym value="anonymous resources"/>
      <synonym value="contained resources"/>
      <min value="0"/>
      <max value="*"/>
      <type>
        <code value="Resource"/>
      </type>
      <mapping>
        <identity value="rim"/>
        <map value="N/A"/>
      </mapping>
    </element>
    <element>
      <path value="Organization.extension"/>
      <short value="Additional Content defined by implementations"/>
      <definition value="May be used to represent additional information that is not part of the basic definition of the resource. In order to make the use of extensions safe and manageable, there is a strict set of governance  applied to the definition and use of extensions. Though any implementer is allowed to define an extension, there is a set of requirements that SHALL be met as part of the definition of the extension."/>
      <comments value="There can be no stigma associated with the use of extensions by any application, project, or standard - regardless of the institution or jurisdiction that uses or defines the extensions.  The use of extensions is what allows the FHIR specification to retain a core level of simplicity for everyone."/>
      <synonym value="extensions"/>
      <synonym value="user content"/>
      <min value="0"/>
      <max value="*"/>
      <type>
        <code value="Extension"/>
      </type>
      <mapping>
        <identity value="rim"/>
        <map value="N/A"/>
      </mapping>
    </element>
    <element>
      <path value="Organization.modifierExtension"/>
      <short value="Extensions that cannot be ignored"/>
      <definition value="May be used to represent additional information that is not part of the basic definition of the resource, and that modifies the understanding of the element that contains it. Usually modifier elements provide negation or qualification. In order to make the use of extensions safe and manageable, there is a strict set of governance applied to the definition and use of extensions. Though any implementer is allowed to define an extension, there is a set of requirements that SHALL be met as part of the definition of the extension. Applications processing a resource are required to check for modifier extensions."/>
      <comments value="There can be no stigma associated with the use of extensions by any application, project, or standard - regardless of the institution or jurisdiction that uses or defines the extensions.  The use of extensions is what allows the FHIR specification to retain a core level of simplicity for everyone."/>
      <synonym value="extensions"/>
      <synonym value="user content"/>
      <min value="0"/>
      <max value="*"/>
      <type>
        <code value="Extension"/>
      </type>
      <mapping>
        <identity value="rim"/>
        <map value="N/A"/>
      </mapping>
    </element>
    <element>
      <path value="Organization.identifier"/>
      <slicing>
        <discriminator value="label"/>
        <ordered value="true"/>
        <rules value="openAtEnd"/>
      </slicing>
      <short value="Identifies this organization  across multiple systems"/>
      <definition value="Identifier for the organization that is used to identify the organization across multiple disparate systems."/>
      <requirements value="Organizations are known by a variety of ids. Some institutions maintain several, and most collect identifiers for exchange with other organizations concerning the organization."/>
      <min value="0"/>
      <max value="*"/>
      <type>
        <code value="Identifier"/>
      </type>
      <condition value="org-1"/>
      <mapping>
        <identity value="v2"/>
        <map value="XON.10 Organization Identifier / XON.3 ID Number"/>
      </mapping>
      <mapping>
        <identity value="rim"/>
        <map value=".scopes[Role](classCode=IDENT)"/>
      </mapping>
      <mapping>
        <identity value="servd"/>
        <map value="./Identifiers"/>
      </mapping>
    </element>
    <element>
      <path value="Organization.identifier"/>
      <name value="USlabOrderFacilityNPI"/>
      <short value="Identifies this organization  across multiple systems"/>
      <definition value="Identifier for the organization that is used to identify the organization across multiple disparate systems."/>
      <requirements value="Organizations are known by a variety of ids. Some institutions maintain several, and most collect identifiers for exchange with other organizations concerning the organization."/>
      <min value="0"/>
      <max value="*"/>
      <type>
        <code value="Identifier"/>
      </type>
      <patternIdentifier>
        <use value="official"/>
        <label value="NPI"/>
        <assigner>
          <reference value="https://nppes.cms.hhs.gov/NPPES/"/>
          <display value="The Centers for Medicare and Medicaid Services (CMS)  National Plan and Provider Enumeration System (NPPES"/>
        </assigner>
      </patternIdentifier>
      <condition value="org-1"/>
      <mustSupport value="true"/>
      <mapping>
        <identity value="v2"/>
        <map value="XON.10 Organization Identifier / XON.3 ID Number"/>
      </mapping>
      <mapping>
        <identity value="rim"/>
        <map value=".scopes[Role](classCode=IDENT)"/>
      </mapping>
      <mapping>
        <identity value="servd"/>
        <map value="./Identifiers"/>
      </mapping>
    </element>
    <element>
      <path value="Organization.identifier.id"/>
      <representation value="xmlAttr"/>
      <short value="xml:id (or equivalent in JSON)"/>
      <definition value="unique id for the element within a resource (for internal references)."/>
      <min value="0"/>
      <max value="1"/>
      <type>
        <code value="id"/>
      </type>
      <mapping>
        <identity value="rim"/>
        <map value="n/a"/>
      </mapping>
    </element>
    <element>
      <path value="Organization.identifier.extension"/>
      <short value="Additional Content defined by implementations"/>
      <definition value="May be used to represent additional information that is not part of the basic definition of the element. In order to make the use of extensions safe and manageable, there is a strict set of governance  applied to the definition and use of extensions. Though any implementer is allowed to define an extension, there is a set of requirements that SHALL be met as part of the definition of the extension."/>
      <comments value="There can be no stigma associated with the use of extensions by any application, project, or standard - regardless of the institution or jurisdiction that uses or defines the extensions.  The use of extensions is what allows the FHIR specification to retain a core level of simplicity for everyone."/>
      <synonym value="extensions"/>
      <synonym value="user content"/>
      <min value="0"/>
      <max value="*"/>
      <type>
        <code value="Extension"/>
      </type>
      <mapping>
        <identity value="rim"/>
        <map value="n/a"/>
      </mapping>
    </element>
    <element>
      <path value="Organization.identifier.use"/>
      <short value="usual | official | temp | secondary (If known)"/>
      <definition value="The purpose of this identifier."/>
      <comments value="This is labeled as &quot;Is Modifier&quot; because applications should not mistake a temporary id for a permanent one. Applications can assume that an identifier is permanent unless it explicitly says that it is temporary."/>
      <requirements value="Allows the appropriate identifier for a particular context of use to be selected from among a set of identifiers."/>
      <min value="0"/>
      <max value="1"/>
      <type>
        <code value="code"/>
      </type>
      <isModifier value="true"/>
      <binding>
        <name value="IdentifierUse"/>
        <isExtensible value="false"/>
        <conformance value="required"/>
        <description value="Identifies the purpose for this identifier, if known"/>
        <referenceReference>
          <reference value="http://hl7.org/fhir/vs/identifier-use"/>
        </referenceReference>
      </binding>
      <mapping>
        <identity value="v2"/>
        <map value="N/A"/>
      </mapping>
      <mapping>
        <identity value="rim"/>
        <map value="Role.code or implied by context"/>
      </mapping>
    </element>
    <element>
      <path value="Organization.identifier.label"/>
      <short value="Description of identifier"/>
      <definition value="A text string for the identifier that can be displayed to a human so they can recognize the identifier."/>
      <requirements value="Allows humans to make use of identifiers when the identifier system is not known."/>
      <min value="0"/>
      <max value="1"/>
      <type>
        <code value="string"/>
      </type>
      <mapping>
        <identity value="v2"/>
        <map value="CX.5"/>
      </mapping>
      <mapping>
        <identity value="rim"/>
        <map value="Role.title or implied by context"/>
      </mapping>
    </element>
    <element>
      <path value="Organization.identifier.system"/>
      <short value="The namespace for the identifier"/>
      <definition value="Establishes the namespace in which set of possible id values is unique."/>
      <requirements value="There are many sequences of identifiers.  To perform matching, we need to know what sequence we&#39;re dealing with. The system identifies a particular sequence or set of unique identifiers."/>
      <min value="0"/>
      <max value="1"/>
      <type>
        <code value="uri"/>
      </type>
      <exampleUri value="http://www.acme.com/identifiers/patient or urn:ietf:rfc:3986 if the id itself is a full uri"/>
      <mapping>
        <identity value="v2"/>
        <map value="CX.4 / EI-2-4"/>
      </mapping>
      <mapping>
        <identity value="rim"/>
        <map value="II.root or Role.id.root"/>
      </mapping>
      <mapping>
        <identity value="servd"/>
        <map value="./IdentifierType"/>
      </mapping>
    </element>
    <element>
      <path value="Organization.identifier.value"/>
      <short value="NPI  organization Identifier"/>
      <definition value="NPI  organization Identifier."/>
      <comments value="If the value is a full URI, then the system SHALL be urn:ietf:rfc:3986."/>
      <min value="1"/>
      <max value="1"/>
      <type>
        <code value="string"/>
      </type>
      <exampleString value="123456"/>
      <mustSupport value="true"/>
      <mapping>
        <identity value="v2"/>
        <map value="CX.1 / EI.1"/>
      </mapping>
      <mapping>
        <identity value="rim"/>
        <map value="II.extension or II.root if system indicates OID or GUID (Or Role.id.extension or root)"/>
      </mapping>
      <mapping>
        <identity value="servd"/>
        <map value="./Value"/>
      </mapping>
    </element>
    <element>
      <path value="Organization.identifier.period"/>
      <short value="Time period when id is/was valid for use"/>
      <definition value="Time period during which identifier is/was valid for use."/>
      <min value="0"/>
      <max value="1"/>
      <type>
        <code value="Period"/>
      </type>
      <mapping>
        <identity value="v2"/>
        <map value="CX.7 + CX.8"/>
      </mapping>
      <mapping>
        <identity value="rim"/>
        <map value="Role.effectiveTime or implied by context"/>
      </mapping>
      <mapping>
        <identity value="servd"/>
        <map value="./StartDate and ./EndDate"/>
      </mapping>
    </element>
    <element>
      <path value="Organization.identifier.assigner"/>
      <short value="Organization that issued id (may be just text)"/>
      <definition value="Organization that issued/manages the identifier."/>
      <comments value="The reference may be just a text description of the assigner."/>
      <min value="0"/>
      <max value="1"/>
      <type>
        <code value="Reference"/>
        <profile value="http://hl7.org/fhir/StructureDefinition/Organization"/>
      </type>
      <mapping>
        <identity value="v2"/>
        <map value="CX.4 / (CX.4,CX.9,CX.10)"/>
      </mapping>
      <mapping>
        <identity value="rim"/>
        <map value="II.assigningAuthorityName but note that this is an improper use by the definition of the field.  Also Role.scoper"/>
      </mapping>
      <mapping>
        <identity value="servd"/>
        <map value="./IdentifierIssuingAuthority"/>
      </mapping>
    </element>
    <element>
      <path value="Organization.name"/>
      <short value="Name used for the organization"/>
      <definition value="A name associated with the organization."/>
      <requirements value="Need to use the name as the label of the organization."/>
      <min value="0"/>
      <max value="*"/>
      <type>
        <code value="string"/>
      </type>
      <condition value="org-1"/>
      <mustSupport value="true"/>
      <mapping>
        <identity value="v2"/>
        <map value="XON.1 Organization Name"/>
      </mapping>
      <mapping>
        <identity value="rim"/>
        <map value=".name"/>
      </mapping>
      <mapping>
        <identity value="servd"/>
        <map value=".PreferredName/Name"/>
      </mapping>
    </element>
    <element>
      <path value="Organization.type"/>
      <short value="Kind of organization"/>
      <definition value="The kind of organization that this is."/>
      <comments value="Organizations can be corporations, wards, sections, clinical teams, government departments, etc. Note that code is generally a classifier of the type of organization; in many applications, codes are used to identity a particular organization (say, ward) as opposed to another of the same type - these are identifiers, not codes."/>
      <requirements value="Need to be able to track the kind of organization that this is - different organization types have different uses."/>
      <min value="0"/>
      <max value="1"/>
      <type>
        <code value="CodeableConcept"/>
      </type>
      <binding>
        <name value="OrganizationType"/>
        <isExtensible value="true"/>
        <conformance value="example"/>
        <description value="Used to categorize the organization"/>
        <referenceReference>
          <reference value="http://hl7.org/fhir/vs/organization-type"/>
        </referenceReference>
      </binding>
      <mapping>
        <identity value="v2"/>
        <map value="No equivalent in v2"/>
      </mapping>
      <mapping>
        <identity value="rim"/>
        <map value=".code"/>
      </mapping>
      <mapping>
        <identity value="servd"/>
        <map value="n/a"/>
      </mapping>
    </element>
    <element>
      <path value="Organization.telecom"/>
      <short value="A contact detail for the organization"/>
      <definition value="A contact detail for the organization."/>
      <comments value="The use code home is not to be used. Note that these contacts are not the contact details of people who are employed by or represent the organization, but official contacts for the organization itself."/>
      <requirements value="Human contact for the organization."/>
      <min value="1"/>
      <max value="*"/>
      <type>
        <code value="ContactPoint"/>
      </type>
      <condition value="org-3"/>
      <constraint>
        <key value="org-3"/>
        <name value="NoHomeUseTelecom"/>
        <severity value="error"/>
        <human value="The telecom of an organization can never be of use &#39;home&#39;"/>
        <xpath value="count(f:use[@value=&#39;home&#39;]) = 0"/>
      </constraint>
      <mustSupport value="true"/>
      <mapping>
        <identity value="v2"/>
        <map value="No authoritative equivalent in V2.x"/>
      </mapping>
      <mapping>
        <identity value="rim"/>
        <map value=".telecom"/>
      </mapping>
      <mapping>
        <identity value="servd"/>
        <map value="./ContactPoints"/>
      </mapping>
    </element>
    <element>
      <path value="Organization.telecom.id"/>
      <representation value="xmlAttr"/>
      <short value="xml:id (or equivalent in JSON)"/>
      <definition value="unique id for the element within a resource (for internal references)."/>
      <min value="0"/>
      <max value="1"/>
      <type>
        <code value="id"/>
      </type>
      <mapping>
        <identity value="rim"/>
        <map value="n/a"/>
      </mapping>
    </element>
    <element>
      <path value="Organization.telecom.extension"/>
      <short value="Additional Content defined by implementations"/>
      <definition value="May be used to represent additional information that is not part of the basic definition of the element. In order to make the use of extensions safe and manageable, there is a strict set of governance  applied to the definition and use of extensions. Though any implementer is allowed to define an extension, there is a set of requirements that SHALL be met as part of the definition of the extension."/>
      <comments value="There can be no stigma associated with the use of extensions by any application, project, or standard - regardless of the institution or jurisdiction that uses or defines the extensions.  The use of extensions is what allows the FHIR specification to retain a core level of simplicity for everyone."/>
      <synonym value="extensions"/>
      <synonym value="user content"/>
      <min value="0"/>
      <max value="*"/>
      <type>
        <code value="Extension"/>
      </type>
      <mapping>
        <identity value="rim"/>
        <map value="n/a"/>
      </mapping>
    </element>
    <element>
      <path value="Organization.telecom.system"/>
      <short value="phone | fax | email | url"/>
      <definition value="Telecommunications form for contact point - what communications system is required to make use of the contact."/>
      <min value="1"/>
      <max value="1"/>
      <type>
        <code value="code"/>
      </type>
      <condition value="cpt-2"/>
      <mustSupport value="true"/>
      <binding>
        <name value="ContactPointSystem"/>
        <isExtensible value="false"/>
        <conformance value="required"/>
        <description value="Telecommunications form for contact point"/>
        <referenceReference>
          <reference value="http://hl7.org/fhir/vs/contact-point-system"/>
        </referenceReference>
      </binding>
      <mapping>
        <identity value="v2"/>
        <map value="XTN.3"/>
      </mapping>
      <mapping>
        <identity value="rim"/>
        <map value="./scheme"/>
      </mapping>
      <mapping>
        <identity value="servd"/>
        <map value="./ContactPointType"/>
      </mapping>
    </element>
    <element>
      <path value="Organization.telecom.value"/>
      <short value="The actual contact point details"/>
      <definition value="The actual contact point details, in a form that is meaningful to the designated communication system (i.e. phone number or email address)."/>
      <comments value="Additional out of band data such as extensions, or notes about use of the contact are sometimes included in the value."/>
      <requirements value="Need to support legacy numbers that are not in a tightly controlled format."/>
      <min value="1"/>
      <max value="1"/>
      <type>
        <code value="string"/>
      </type>
      <mustSupport value="true"/>
      <mapping>
        <identity value="v2"/>
        <map value="XTN.1 (or XTN.12)"/>
      </mapping>
      <mapping>
        <identity value="rim"/>
        <map value="./url"/>
      </mapping>
      <mapping>
        <identity value="servd"/>
        <map value="./Value"/>
      </mapping>
    </element>
    <element>
      <path value="Organization.telecom.use"/>
      <short value="home | work | temp | old | mobile - purpose of this contact point"/>
      <definition value="Identifies the purpose for the contact point."/>
      <comments value="This is labeled as &quot;Is Modifier&quot; because applications should not mistake a temporary or old contact etc for a current/permanent one. Applications can assume that a contact is current unless it explicitly says that it is temporary or old."/>
      <requirements value="Need to track the way a person uses this contact, so a user can choose which is appropriate for their purpose."/>
      <min value="0"/>
      <max value="1"/>
      <type>
        <code value="code"/>
      </type>
      <isModifier value="true"/>
      <binding>
        <name value="ContactPointUse"/>
        <isExtensible value="false"/>
        <conformance value="required"/>
        <description value="Use of contact point"/>
        <referenceReference>
          <reference value="http://hl7.org/fhir/vs/contact-point-use"/>
        </referenceReference>
      </binding>
      <mapping>
        <identity value="v2"/>
        <map value="XTN.2 - but often indicated by field"/>
      </mapping>
      <mapping>
        <identity value="rim"/>
        <map value="unique(./use)"/>
      </mapping>
      <mapping>
        <identity value="servd"/>
        <map value="./ContactPointPurpose"/>
      </mapping>
    </element>
    <element>
      <path value="Organization.telecom.period"/>
      <short value="Time period when the contact point was/is in use"/>
      <definition value="Time period when the contact point was/is in use."/>
      <min value="0"/>
      <max value="1"/>
      <type>
        <code value="Period"/>
      </type>
      <mapping>
        <identity value="v2"/>
        <map value="N/A"/>
      </mapping>
      <mapping>
        <identity value="rim"/>
        <map value="./useablePeriod[type=&quot;IVL&lt;TS&gt;&quot;]"/>
      </mapping>
      <mapping>
        <identity value="servd"/>
        <map value="./StartDate and ./EndDate"/>
      </mapping>
    </element>
    <element>
      <path value="Organization.address"/>
      <short value="An address for the organization"/>
      <definition value="An address for the organization."/>
      <comments value="Organization may have multiple addresses with different uses or applicable periods. The use code home is not to be used."/>
      <requirements value="May need to keep track of the organization&#39;s addresses for contacting, billing or reporting requirements."/>
      <min value="1"/>
      <max value="*"/>
      <type>
        <code value="Address"/>
      </type>
      <condition value="org-2"/>
      <constraint>
        <key value="org-2"/>
        <name value="NoHomeUseAddress"/>
        <severity value="error"/>
        <human value="An address of an organization can never be of use &#39;home&#39;"/>
        <xpath value="count(f:use[@value=&#39;home&#39;]) = 0"/>
      </constraint>
      <mustSupport value="true"/>
      <mapping>
        <identity value="v2"/>
        <map value="No authoritative equivalent in V2.x; some V2.x segments such as OBX might provide a serialized instance value"/>
      </mapping>
      <mapping>
        <identity value="rim"/>
        <map value=".address"/>
      </mapping>
      <mapping>
        <identity value="servd"/>
        <map value="./PrimaryAddress and ./OtherAddresses"/>
      </mapping>
    </element>
    <element>
      <path value="Organization.address.id"/>
      <representation value="xmlAttr"/>
      <short value="xml:id (or equivalent in JSON)"/>
      <definition value="unique id for the element within a resource (for internal references)."/>
      <min value="0"/>
      <max value="1"/>
      <type>
        <code value="id"/>
      </type>
      <mapping>
        <identity value="rim"/>
        <map value="n/a"/>
      </mapping>
    </element>
    <element>
      <path value="Organization.address.extension"/>
      <slicing>
        <discriminator value="url"/>
        <ordered value="false"/>
        <rules value="open"/>
      </slicing>
      <short value="Additional Content defined by implementations"/>
      <definition value="May be used to represent additional information that is not part of the basic definition of the element. In order to make the use of extensions safe and manageable, there is a strict set of governance  applied to the definition and use of extensions. Though any implementer is allowed to define an extension, there is a set of requirements that SHALL be met as part of the definition of the extension."/>
      <comments value="There can be no stigma associated with the use of extensions by any application, project, or standard - regardless of the institution or jurisdiction that uses or defines the extensions.  The use of extensions is what allows the FHIR specification to retain a core level of simplicity for everyone."/>
      <synonym value="extensions"/>
      <synonym value="user content"/>
      <min value="0"/>
      <max value="*"/>
      <type>
        <code value="Extension"/>
      </type>
      <mapping>
        <identity value="rim"/>
        <map value="n/a"/>
      </mapping>
    </element>
    <element>
      <path value="Organization.address.extension"/>
      <name value="USLabCounty"/>
      <short value="County/Parish FIPS codes"/>
      <definition value="County/Parish FIPS codes."/>
      <comments value="There can be no stigma associated with the use of extensions by any application, project, or standard - regardless of the institution or jurisdiction that uses or defines the extensions.  The use of extensions is what allows the FHIR specification to retain a core level of simplicity for everyone."/>
      <synonym value="extensions"/>
      <synonym value="user content"/>
      <min value="0"/>
      <max value="1"/>
      <type>
        <code value="Extension"/>
        <profile value="http://hl7.org/fhir/StructureDefinition/us-core-county"/>
      </type>
      <mustSupport value="true"/>
      <mapping>
        <identity value="rim"/>
        <map value="n/a"/>
      </mapping>
    </element>
    <element>
      <path value="Organization.address.extension.id"/>
      <representation value="xmlAttr"/>
      <short value="xml:id (or equivalent in JSON)"/>
      <definition value="unique id for the element within a resource (for internal references)."/>
      <min value="0"/>
      <max value="1"/>
      <type>
        <code value="id"/>
      </type>
      <mapping>
        <identity value="rim"/>
        <map value="n/a"/>
      </mapping>
    </element>
    <element>
      <path value="Organization.address.extension.extension"/>
      <slicing>
        <discriminator value="url"/>
        <ordered value="false"/>
        <rules value="open"/>
      </slicing>
      <short value="Additional Content defined by implementations"/>
      <definition value="May be used to represent additional information that is not part of the basic definition of the element. In order to make the use of extensions safe and manageable, there is a strict set of governance  applied to the definition and use of extensions. Though any implementer is allowed to define an extension, there is a set of requirements that SHALL be met as part of the definition of the extension."/>
      <comments value="There can be no stigma associated with the use of extensions by any application, project, or standard - regardless of the institution or jurisdiction that uses or defines the extensions.  The use of extensions is what allows the FHIR specification to retain a core level of simplicity for everyone."/>
      <synonym value="extensions"/>
      <synonym value="user content"/>
      <min value="0"/>
      <max value="*"/>
      <type>
        <code value="Extension"/>
      </type>
      <mapping>
        <identity value="rim"/>
        <map value="n/a"/>
      </mapping>
    </element>
    <element>
      <path value="Organization.address.extension.extension"/>
      <name value="USLabCountycodes"/>
      <short value="Additional Content defined by implementations"/>
      <definition value="May be used to represent additional information that is not part of the basic definition of the element. In order to make the use of extensions safe and manageable, there is a strict set of governance  applied to the definition and use of extensions. Though any implementer is allowed to define an extension, there is a set of requirements that SHALL be met as part of the definition of the extension."/>
      <comments value="There can be no stigma associated with the use of extensions by any application, project, or standard - regardless of the institution or jurisdiction that uses or defines the extensions.  The use of extensions is what allows the FHIR specification to retain a core level of simplicity for everyone."/>
      <synonym value="extensions"/>
      <synonym value="user content"/>
      <min value="1"/>
      <max value="1"/>
      <type>
        <code value="Extension"/>
        <profile value="http://hl7.org/fhir/StructureDefinition/iso21090-SC-coding"/>
      </type>
      <mustSupport value="true"/>
      <binding>
        <name value="USFIPSCounty"/>
        <isExtensible value="false"/>
        <conformance value="required"/>
        <description value="FIPS codes for US counties and county equivalent entities"/>
        <referenceReference>
          <reference value="http://hl7.org/fhir/vs/fips-county"/>
        </referenceReference>
      </binding>
      <mapping>
        <identity value="rim"/>
        <map value="n/a"/>
      </mapping>
    </element>
    <element>
      <path value="Organization.address.extension.extension.id"/>
      <representation value="xmlAttr"/>
      <short value="xml:id (or equivalent in JSON)"/>
      <definition value="unique id for the element within a resource (for internal references)."/>
      <min value="0"/>
      <max value="1"/>
      <type>
        <code value="id"/>
      </type>
      <mapping>
        <identity value="rim"/>
        <map value="n/a"/>
      </mapping>
    </element>
    <element>
      <path value="Organization.address.extension.extension.extension"/>
      <short value="Additional Content defined by implementations"/>
      <definition value="May be used to represent additional information that is not part of the basic definition of the element. In order to make the use of extensions safe and manageable, there is a strict set of governance  applied to the definition and use of extensions. Though any implementer is allowed to define an extension, there is a set of requirements that SHALL be met as part of the definition of the extension."/>
      <comments value="There can be no stigma associated with the use of extensions by any application, project, or standard - regardless of the institution or jurisdiction that uses or defines the extensions.  The use of extensions is what allows the FHIR specification to retain a core level of simplicity for everyone."/>
      <synonym value="extensions"/>
      <synonym value="user content"/>
      <min value="0"/>
      <max value="*"/>
      <type>
        <code value="Extension"/>
      </type>
      <mapping>
        <identity value="rim"/>
        <map value="n/a"/>
      </mapping>
    </element>
    <element>
      <path value="Organization.address.extension.extension.url"/>
      <representation value="xmlAttr"/>
      <short value="identifies the meaning of the extension"/>
      <definition value="Source of the definition for the extension code - a logical name or a URL."/>
      <comments value="The definition may point directly to a computable or human-readable definition of the extensibility codes, or it may be a logical URI as declared in some other specification. The definition should be version specific.  This will ideally be the URI for the Resource Profile defining the extension, with the code for the extension after a #."/>
      <min value="1"/>
      <max value="1"/>
      <type>
        <code value="uri"/>
      </type>
      <mapping>
        <identity value="rim"/>
        <map value="N/A"/>
      </mapping>
    </element>
    <element>
      <path value="Organization.address.extension.extension.value[x]"/>
      <short value="Value of extension"/>
      <definition value="Value of extension - may be a resource or one of a constrained set of the data types (see Extensibility in the spec for list)."/>
      <min value="0"/>
      <max value="1"/>
      <type>
        <code value="*"/>
      </type>
      <mapping>
        <identity value="rim"/>
        <map value="N/A"/>
      </mapping>
    </element>
    <element>
      <path value="Organization.address.extension.url"/>
      <representation value="xmlAttr"/>
      <short value="identifies the meaning of the extension"/>
      <definition value="Source of the definition for the extension code - a logical name or a URL."/>
      <comments value="The definition may point directly to a computable or human-readable definition of the extensibility codes, or it may be a logical URI as declared in some other specification. The definition should be version specific.  This will ideally be the URI for the Resource Profile defining the extension, with the code for the extension after a #."/>
      <min value="1"/>
      <max value="1"/>
      <type>
        <code value="uri"/>
      </type>
      <mapping>
        <identity value="rim"/>
        <map value="N/A"/>
      </mapping>
    </element>
    <element>
      <path value="Organization.address.extension.value[x]"/>
      <short value="Value of extension"/>
      <definition value="Value of extension - may be a resource or one of a constrained set of the data types (see Extensibility in the spec for list)."/>
      <min value="0"/>
      <max value="1"/>
      <type>
        <code value="*"/>
      </type>
      <mapping>
        <identity value="rim"/>
        <map value="N/A"/>
      </mapping>
    </element>
    <element>
      <path value="Organization.address.use"/>
      <short value="home | work | temp | old - purpose of this address"/>
      <definition value="The purpose of this address."/>
      <comments value="This is labeled as &quot;Is Modifier&quot; because applications should not mistake a temporary or old address etc for a current/permanent one. Applications can assume that an address is current unless it explicitly says that it is temporary or old."/>
      <requirements value="Allows an appropriate address to be chosen from a list of many."/>
      <min value="0"/>
      <max value="1"/>
      <type>
        <code value="code"/>
      </type>
      <exampleCode value="home"/>
      <mustSupport value="true"/>
      <isModifier value="true"/>
      <binding>
        <name value="AddressUse"/>
        <isExtensible value="false"/>
        <conformance value="required"/>
        <description value="The use of an address"/>
        <referenceReference>
          <reference value="http://hl7.org/fhir/vs/address-use"/>
        </referenceReference>
      </binding>
      <mapping>
        <identity value="v2"/>
        <map value="XAD.7"/>
      </mapping>
      <mapping>
        <identity value="rim"/>
        <map value="unique(./use)"/>
      </mapping>
      <mapping>
        <identity value="servd"/>
        <map value="./AddressPurpose"/>
      </mapping>
    </element>
    <element>
      <path value="Organization.address.text"/>
      <short value="Text representation of the address"/>
      <definition value="A full text representation of the address."/>
      <comments value="Can provide both a text representation and parts."/>
      <requirements value="A renderable, unencoded form."/>
      <min value="0"/>
      <max value="1"/>
      <type>
        <code value="string"/>
      </type>
      <exampleString value="137 Nowhere Street, Erewhon 9132"/>
      <mapping>
        <identity value="v2"/>
        <map value="XAD.1 + XAD.2 + XAD.3 + XAD.4 + XAD.5 + XAD.6"/>
      </mapping>
      <mapping>
        <identity value="rim"/>
        <map value="./formatted"/>
      </mapping>
    </element>
    <element>
      <path value="Organization.address.line"/>
      <short value="Street name, number, direction &amp; P.O. Box etc"/>
      <definition value="This component contains the house number, apartment number, street name, street direction, 
P.O. Box number, delivery hints, and similar address information."/>
      <requirements value="home | work | temp | old - purpose of this address."/>
      <min value="0"/>
      <max value="2"/>
      <type>
        <code value="string"/>
      </type>
      <exampleString value="137 Nowhere Street"/>
      <mustSupport value="true"/>
      <mapping>
        <identity value="vcard"/>
        <map value="street address"/>
      </mapping>
      <mapping>
        <identity value="v2"/>
        <map value="XAD.1 + XAD.2 (note: XAD.1 and XAD.2 have different meanings for a company address than for a person address)"/>
      </mapping>
      <mapping>
        <identity value="rim"/>
        <map value="AD.part[parttype = AL]"/>
      </mapping>
      <mapping>
        <identity value="servd"/>
        <map value="./StreetAddress (newline delimitted)"/>
      </mapping>
    </element>
    <element>
      <path value="Organization.address.city"/>
      <short value="Name of city, town etc."/>
      <definition value="The name of the city, town, village or other community or delivery center."/>
      <synonym value="Muncipality"/>
      <min value="0"/>
      <max value="1"/>
      <type>
        <code value="string"/>
      </type>
      <exampleString value="Erewhon"/>
      <mustSupport value="true"/>
      <mapping>
        <identity value="vcard"/>
        <map value="locality"/>
      </mapping>
      <mapping>
        <identity value="v2"/>
        <map value="XAD.3"/>
      </mapping>
      <mapping>
        <identity value="rim"/>
        <map value="AD.part[parttype = CTY]"/>
      </mapping>
      <mapping>
        <identity value="servd"/>
        <map value="./Jurisdiction"/>
      </mapping>
    </element>
    <element>
      <path value="Organization.address.state"/>
      <short value="Sub-unit of country (abreviations ok)"/>
      <definition value="Sub-unit of a country with limited sovereignty in a federally organized country. A code may be used if codes are in common use (i.e. US 2 letter state codes)."/>
      <synonym value="Province"/>
      <synonym value="Territory"/>
      <min value="0"/>
      <max value="1"/>
      <type>
        <code value="string"/>
      </type>
      <mustSupport value="true"/>
      <binding>
        <name value="USPSState"/>
        <isExtensible value="true"/>
        <conformance value="required"/>
        <description value="Two letter USPS alphabetic codes."/>
        <referenceReference>
          <reference value="http://hl7.org/fhir/vs/usps-state"/>
        </referenceReference>
      </binding>
      <mapping>
        <identity value="vcard"/>
        <map value="region"/>
      </mapping>
      <mapping>
        <identity value="v2"/>
        <map value="XAD.4"/>
      </mapping>
      <mapping>
        <identity value="rim"/>
        <map value="AD.part[parttype = STA]"/>
      </mapping>
      <mapping>
        <identity value="servd"/>
        <map value="./Region"/>
      </mapping>
    </element>
    <element>
      <path value="Organization.address.postalCode"/>
      <short value="US Zip Codes"/>
      <definition value="US Zip Codes."/>
      <synonym value="Zip"/>
      <min value="0"/>
      <max value="1"/>
      <type>
        <code value="string"/>
      </type>
      <exampleString value="9132"/>
      <constraint>
        <key value="inv-2"/>
        <name value="Regex for Zip"/>
        <severity value="error"/>
        <human value="(Zip or Postal Code) SHALL be formatted as 99999[-9999] for US Zip or ZIP +4 codes or as A9A9A9 for Canadian postal codes."/>
        <xpath value="f:matches(issued,[0-9]{5}(-[0-9]{4}){0,1} )"/>
      </constraint>
      <mustSupport value="true"/>
      <mapping>
        <identity value="vcard"/>
        <map value="postal code"/>
      </mapping>
      <mapping>
        <identity value="v2"/>
        <map value="XAD.5"/>
      </mapping>
      <mapping>
        <identity value="rim"/>
        <map value="AD.part[parttype = ZIP]"/>
      </mapping>
      <mapping>
        <identity value="servd"/>
        <map value="./PostalIdentificationCode"/>
      </mapping>
    </element>
    <element>
      <path value="Organization.address.country"/>
      <short value="ISO 3166 3 letter Country Code"/>
      <definition value="ISO 3166 3 letter Country Code."/>
      <comments value="ISO 3166 3 letter codes can be used in place of a full country name."/>
      <min value="0"/>
      <max value="1"/>
      <type>
        <code value="string"/>
      </type>
      <mustSupport value="true"/>
      <binding>
        <name value="USLabCountry"/>
        <isExtensible value="true"/>
        <conformance value="required"/>
        <description value="ISO 3 letter codes"/>
        <referenceReference>
          <reference value="http://hl7.org/fhir/vs/uslab-country-codes"/>
        </referenceReference>
      </binding>
      <mapping>
        <identity value="vcard"/>
        <map value="country name"/>
      </mapping>
      <mapping>
        <identity value="v2"/>
        <map value="XAD.6"/>
      </mapping>
      <mapping>
        <identity value="rim"/>
        <map value="AD.part[parttype = CNT]"/>
      </mapping>
      <mapping>
        <identity value="servd"/>
        <map value="./Country"/>
      </mapping>
    </element>
    <element>
      <path value="Organization.address.period"/>
      <short value="Time period when address was/is in use"/>
      <definition value="Time period when address was/is in use."/>
      <requirements value="Allows addresses to be placed in historical context."/>
      <min value="0"/>
      <max value="1"/>
      <type>
        <code value="Period"/>
      </type>
      <examplePeriod>
        <start value="2010-03-23"/>
        <end value="2010-07-01"/>
      </examplePeriod>
      <mapping>
        <identity value="v2"/>
        <map value="XAD.12 / XAD.13 + XAD.14"/>
      </mapping>
      <mapping>
        <identity value="rim"/>
        <map value="./usablePeriod[type=&quot;IVL&lt;TS&gt;&quot;]"/>
      </mapping>
      <mapping>
        <identity value="servd"/>
        <map value="./StartDate and ./EndDate"/>
      </mapping>
    </element>
    <element>
      <path value="Organization.partOf"/>
      <short value="The organization of which this organization forms a part"/>
      <definition value="The organization of which this organization forms a part."/>
      <requirements value="Need to be able to track the hierarchy of organizations within an organization."/>
      <min value="0"/>
      <max value="1"/>
      <type>
        <code value="Reference"/>
        <profile value="http://hl7.org/fhir/StructureDefinition/Organization"/>
      </type>
      <mapping>
        <identity value="v2"/>
        <map value="No equivalent in V2.x"/>
      </mapping>
      <mapping>
        <identity value="rim"/>
        <map value=".playedBy[classCode=Part].scoper"/>
      </mapping>
      <mapping>
        <identity value="servd"/>
        <map value="n/a"/>
      </mapping>
    </element>
    <element>
      <path value="Organization.contact"/>
      <short value="Contact for the organization for a certain purpose"/>
      <definition value="Contact for the organization for a certain purpose."/>
      <requirements value="Need to keep track of assigned contact points within bigger organization."/>
      <min value="0"/>
      <max value="*"/>
      <mapping>
        <identity value="rim"/>
        <map value=".contactParty"/>
      </mapping>
    </element>
    <element>
      <path value="Organization.contact.id"/>
      <representation value="xmlAttr"/>
      <short value="xml:id (or equivalent in JSON)"/>
      <definition value="unique id for the element within a resource (for internal references)."/>
      <min value="0"/>
      <max value="1"/>
      <type>
        <code value="id"/>
      </type>
      <mapping>
        <identity value="rim"/>
        <map value="n/a"/>
      </mapping>
    </element>
    <element>
      <path value="Organization.contact.extension"/>
      <short value="Additional Content defined by implementations"/>
      <definition value="May be used to represent additional information that is not part of the basic definition of the element. In order to make the use of extensions safe and manageable, there is a strict set of governance  applied to the definition and use of extensions. Though any implementer is allowed to define an extension, there is a set of requirements that SHALL be met as part of the definition of the extension."/>
      <comments value="There can be no stigma associated with the use of extensions by any application, project, or standard - regardless of the institution or jurisdiction that uses or defines the extensions.  The use of extensions is what allows the FHIR specification to retain a core level of simplicity for everyone."/>
      <synonym value="extensions"/>
      <synonym value="user content"/>
      <min value="0"/>
      <max value="*"/>
      <type>
        <code value="Extension"/>
      </type>
      <mapping>
        <identity value="rim"/>
        <map value="n/a"/>
      </mapping>
    </element>
    <element>
      <path value="Organization.contact.modifierExtension"/>
      <short value="Extensions that cannot be ignored"/>
      <definition value="May be used to represent additional information that is not part of the basic definition of the element, and that modifies the understanding of the element that contains it. Usually modifier elements provide negation or qualification. In order to make the use of extensions safe and manageable, there is a strict set of governance applied to the definition and use of extensions. Though any implementer is allowed to define an extension, there is a set of requirements that SHALL be met as part of the definition of the extension. Applications processing a resource are required to check for modifier extensions."/>
      <comments value="There can be no stigma associated with the use of extensions by any application, project, or standard - regardless of the institution or jurisdiction that uses or defines the extensions.  The use of extensions is what allows the FHIR specification to retain a core level of simplicity for everyone."/>
      <synonym value="extensions"/>
      <synonym value="user content"/>
      <synonym value="modifiers"/>
      <min value="0"/>
      <max value="*"/>
      <type>
        <code value="Extension"/>
      </type>
      <mapping>
        <identity value="rim"/>
        <map value="N/A"/>
      </mapping>
    </element>
    <element>
      <path value="Organization.contact.purpose"/>
      <short value="The type of contact"/>
      <definition value="Indicates a purpose for which the contact can be reached."/>
      <requirements value="Need to distinguish between multiple contact persons."/>
      <min value="0"/>
      <max value="1"/>
      <type>
        <code value="CodeableConcept"/>
      </type>
      <binding>
        <name value="ContactPartyType"/>
        <isExtensible value="true"/>
        <conformance value="preferred"/>
        <description value="The purpose for which you would contact a contact party"/>
        <referenceReference>
          <reference value="http://hl7.org/fhir/vs/contactentity-type"/>
        </referenceReference>
      </binding>
      <mapping>
        <identity value="rim"/>
        <map value="./type"/>
      </mapping>
    </element>
    <element>
      <path value="Organization.contact.name"/>
      <short value="A name associated with the contact"/>
      <definition value="A name associated with the contact."/>
      <requirements value="Need to be able to track the person by name."/>
      <min value="0"/>
      <max value="1"/>
      <type>
        <code value="HumanName"/>
      </type>
      <mapping>
        <identity value="v2"/>
        <map value="PID-5, PID-9"/>
      </mapping>
      <mapping>
        <identity value="rim"/>
        <map value="./name"/>
      </mapping>
    </element>
    <element>
      <path value="Organization.contact.telecom"/>
      <short value="Contact details (telephone, email, etc)  for a contact"/>
      <definition value="A contact detail (e.g. a telephone number or an email address) by which the party may be contacted."/>
      <requirements value="People have (primary) ways to contact them in some way such as phone, email."/>
      <min value="0"/>
      <max value="*"/>
      <type>
        <code value="ContactPoint"/>
      </type>
      <mapping>
        <identity value="v2"/>
        <map value="PID-13, PID-14"/>
      </mapping>
      <mapping>
        <identity value="rim"/>
        <map value="./telecom"/>
      </mapping>
    </element>
    <element>
      <path value="Organization.contact.address"/>
      <short value="Visiting or postal addresses for the contact"/>
      <definition value="Visiting or postal addresses for the contact."/>
      <requirements value="May need to keep track of a contact party&#39;s address for contacting, billing or reporting requirements."/>
      <min value="0"/>
      <max value="1"/>
      <type>
        <code value="Address"/>
      </type>
      <mapping>
        <identity value="v2"/>
        <map value="PID-11"/>
      </mapping>
      <mapping>
        <identity value="rim"/>
        <map value="./addr"/>
      </mapping>
    </element>
    <element>
      <path value="Organization.contact.gender"/>
      <short value="male | female | other | unknown"/>
      <definition value="Administrative Gender - the gender that the person is considered to have for administration and record keeping purposes."/>
      <requirements value="Needed to address the person correctly."/>
      <min value="0"/>
      <max value="1"/>
      <type>
        <code value="code"/>
      </type>
      <binding>
        <name value="AdministrativeGender"/>
        <isExtensible value="false"/>
        <conformance value="required"/>
        <description value="The gender of a person used for administrative purposes"/>
        <referenceReference>
          <reference value="http://hl7.org/fhir/vs/administrative-gender"/>
        </referenceReference>
      </binding>
      <mapping>
        <identity value="v2"/>
        <map value="PID-8"/>
      </mapping>
      <mapping>
        <identity value="rim"/>
        <map value="./administrativeGender"/>
      </mapping>
    </element>
    <element>
      <path value="Organization.location"/>
      <short value="Location(s) the organization uses to provide services"/>
      <definition value="Location(s) the organization uses to provide services."/>
      <min value="0"/>
      <max value="*"/>
      <type>
        <code value="Reference"/>
        <profile value="http://hl7.org/fhir/StructureDefinition/Location"/>
      </type>
      <mapping>
        <identity value="rim"/>
        <map value=".scopedBy[classCode=LocatedEntity].scoper"/>
      </mapping>
      <mapping>
        <identity value="servd"/>
        <map value="./Sites"/>
      </mapping>
    </element>
    <element>
      <path value="Organization.active"/>
      <short value="Whether the organization&#39;s record is still in active use"/>
      <definition value="Whether the organization&#39;s record is still in active use."/>
      <comments value="Default is true."/>
      <requirements value="Need a flag to indicate a record is no longer to be used and should generally be hidden for the user in the UI."/>
      <min value="0"/>
      <max value="1"/>
      <type>
        <code value="boolean"/>
      </type>
      <defaultValueBoolean value="true"/>
      <isModifier value="true"/>
      <mapping>
        <identity value="v2"/>
        <map value="No equivalent in V2.x"/>
      </mapping>
      <mapping>
        <identity value="rim"/>
        <map value=".status"/>
      </mapping>
      <mapping>
        <identity value="servd"/>
        <map value="./Status (however this concept in ServD more covers why the organization is active or not, could be delisted, deregistered, not operational yet) this could alternatively be derived from ./StartDate and ./EndDate and given a context date."/>
      </mapping>
    </element>
  </snapshot>
  <differential>
    <element>
      <path value="Organization"/>
      <name value="USLabOrderFacility"/>
      <short value="Orderer&#39;s Organization ( clinic, hospital,etc )"/>
      <definition value="This is the organization associated with the orderer."/>
      <synonym value="Ordering Facility"/>
      <min value="1"/>
      <max value="1"/>
      <type>
        <code value="Organization"/>
      </type>
      <constraint>
        <key value="inv-1"/>
        <name value="NameandorID"/>
        <severity value="error"/>
        <human value="Shall have Organization.name and/or Organization.identifier."/>
        <xpath value="exists(f:name) or exists(f:identifier)"/>
      </constraint>
    </element>
    <element>
      <path value="Organization.text"/>
      <min value="1"/>
      <max value="1"/>
      <mustSupport value="true"/>
    </element>
    <element>
      <path value="Organization.text.status"/>
      <min value="1"/>
      <max value="1"/>
      <type>
        <code value="code"/>
      </type>
      <fixedCode value="generated"/>
      <mustSupport value="true"/>
    </element>
    <element>
      <path value="Organization.identifier"/>
      <slicing>
        <discriminator value="label"/>
        <ordered value="true"/>
        <rules value="openAtEnd"/>
      </slicing>
    </element>
    <element>
      <path value="Organization.identifier"/>
      <name value="USlabOrderFacilityNPI"/>
      <min value="0"/>
      <max value="*"/>
      <type>
        <code value="Identifier"/>
      </type>
      <patternIdentifier>
        <use value="official"/>
        <label value="NPI"/>
        <assigner>
          <reference value="https://nppes.cms.hhs.gov/NPPES/"/>
          <display value="The Centers for Medicare and Medicaid Services (CMS)  National Plan and Provider Enumeration System (NPPES"/>
        </assigner>
      </patternIdentifier>
      <condition value="inv-1"/>
      <mustSupport value="true"/>
    </element>
    <element>
      <path value="Organization.identifier.value"/>
      <short value="NPI  organization Identifier"/>
      <definition value="NPI  organization Identifier."/>
      <min value="1"/>
      <max value="1"/>
      <mustSupport value="true"/>
    </element>
    <element>
      <path value="Organization.name"/>
      <min value="0"/>
      <max value="*"/>
      <condition value="inv-1"/>
      <mustSupport value="true"/>
    </element>
    <element>
      <path value="Organization.telecom"/>
      <min value="1"/>
      <max value="*"/>
      <mustSupport value="true"/>
    </element>
    <element>
      <path value="Organization.telecom.system"/>
      <min value="1"/>
      <max value="1"/>
      <mustSupport value="true"/>
    </element>
    <element>
      <path value="Organization.telecom.value"/>
      <min value="1"/>
      <max value="1"/>
      <mustSupport value="true"/>
    </element>
    <element>
      <path value="Organization.address"/>
      <min value="1"/>
      <max value="*"/>
      <mustSupport value="true"/>
    </element>
    <element>
      <path value="Organization.address.extension"/>
      <slicing>
        <discriminator value="url"/>
        <ordered value="false"/>
        <rules value="open"/>
      </slicing>
    </element>
    <element>
      <path value="Organization.address.extension"/>
      <name value="USLabCounty"/>
      <short value="County/Parish FIPS codes"/>
      <definition value="County/Parish FIPS codes."/>
      <min value="0"/>
      <max value="1"/>
      <type>
        <code value="Extension"/>
        <profile value="http://hl7.org/fhir/StructureDefinition/us-core-county"/>
      </type>
      <mustSupport value="true"/>
    </element>
    <element>
      <path value="Organization.address.extension.extension"/>
      <slicing>
        <discriminator value="url"/>
        <ordered value="false"/>
        <rules value="open"/>
      </slicing>
    </element>
    <element>
      <path value="Organization.address.extension.extension"/>
      <name value="USLabCountycodes"/>
      <min value="1"/>
      <max value="1"/>
      <type>
        <code value="Extension"/>
        <profile value="http://hl7.org/fhir/StructureDefinition/iso21090-SC-coding"/>
      </type>
      <mustSupport value="true"/>
      <binding>
        <name value="USFIPSCounty"/>
        <isExtensible value="false"/>
        <conformance value="required"/>
        <description value="FIPS codes for US counties and county equivalent entities"/>
        <referenceReference>
          <reference value="http://hl7.org/fhir/vs/fips-county"/>
        </referenceReference>
      </binding>
    </element>
    <element>
      <path value="Organization.address.extension.extension.system"/>
      <min value="1"/>
      <max value="1"/>
      <mustSupport value="true"/>
    </element>
    <element>
      <path value="Organization.address.extension.extension.code"/>
      <min value="1"/>
      <max value="1"/>
      <mustSupport value="true"/>
    </element>
    <element>
      <path value="Organization.address.use"/>
      <min value="0"/>
      <max value="1"/>
      <mustSupport value="true"/>
    </element>
    <element>
      <path value="Organization.address.line"/>
      <min value="0"/>
      <max value="2"/>
      <mustSupport value="true"/>
    </element>
    <element>
      <path value="Organization.address.city"/>
      <min value="0"/>
      <max value="1"/>
      <mustSupport value="true"/>
    </element>
    <element>
      <path value="Organization.address.state"/>
      <min value="0"/>
      <max value="1"/>
      <mustSupport value="true"/>
      <binding>
        <name value="USPSState"/>
        <isExtensible value="true"/>
        <conformance value="required"/>
        <description value="Two letter USPS alphabetic codes."/>
        <referenceReference>
          <reference value="http://hl7.org/fhir/vs/usps-state"/>
        </referenceReference>
      </binding>
    </element>
    <element>
      <path value="Organization.address.postalCode"/>
      <short value="US Zip Codes"/>
      <definition value="US Zip Codes."/>
      <min value="0"/>
      <max value="1"/>
      <condition value="inv-2"/>
      <constraint>
        <key value="inv-2"/>
        <name value="Regex for Zip"/>
        <severity value="error"/>
        <human value="(Zip or Postal Code) SHALL be formatted as 99999[-9999] for US Zip or ZIP +4 codes or as A9A9A9 for Canadian postal codes."/>
        <xpath value="f:matches(issued,[0-9]{5}(-[0-9]{4}){0,1} )"/>
      </constraint>
      <mustSupport value="true"/>
    </element>
    <element>
      <path value="Organization.address.country"/>
      <short value="ISO 3166 3 letter Country Code"/>
      <definition value="ISO 3166 3 letter Country Code."/>
      <min value="0"/>
      <max value="1"/>
      <mustSupport value="true"/>
      <binding>
        <name value="USLabCountry"/>
        <isExtensible value="true"/>
        <conformance value="required"/>
        <description value="ISO 3 letter codes"/>
        <referenceReference>
          <reference value="http://hl7.org/fhir/vs/uslab-country-codes"/>
        </referenceReference>
      </binding>
    </element>
  </differential>
</StructureDefinition>