<?xml version="1.0" encoding="UTF-8"?><Practitioner xmlns="http://hl7.org/fhir">
  <id value="f003"/>
    <identifier>
        <use value="official"/>
        <system value="urn:oid:2.16.528.1.1007.3.1"/>
        <!--  Identificatiesysteem Zorgverlener UZI  -->
        <value value="846100293"/>
    </identifier>
    <identifier>
        <use value="usual"/>
        <system value="urn:oid:2.16.840.1.113883.2.4.6.3"/>
        <!--  BSN identification system  -->
        <value value="243HID3RT938"/>
    </identifier>
    <name>
        <use value="official"/>
        <family value="Versteegh"/>
        <given value="Marc"/>
        <suffix value="MD"/>
    </name>
    <telecom>
        <system value="phone"/>
        <value value="0205562431"/>
        <use value="work"/>
    </telecom>
    <telecom>
        <system value="email"/>
        <value value="m.versteegh@bmc.nl"/>
        <use value="work"/>
    </telecom>
    <telecom>
        <system value="fax"/>
        <value value="0205662948"/>
        <use value="work"/>
    </telecom>
    <address>
            <use value="work"/>
            <line value="Galapagosweg 91"/>
            <city value="Amsterdam"/>
            <postalCode value="1105 AZ"/>
            <country value="NLD"/> <!--  ISO 3166 Codes (Countries)  -->
        </address>
    <gender value="male"/>
    <birthDate value="1963-07-01"/>


		<practitionerRole>
    <managingOrganization>
        <!--  deze moet gekoppeld worden aan een RESOURCE ORGANIZATION  -->
        <reference value="Organization/f001"/>
        <display value="BMC"/>
    </managingOrganization>
    <role>
        <coding>
            <system value="urn:oid:2.16.840.1.113883.2.4.15.111"/>
            <!--  "AssignedRoleType" coding system  -->
            <code value="01.000"/>
            <display value="Arts"/>
        </coding>
        <text value="Care role"/>
    </role>
    <specialty>
        <coding>
            <system value="urn:oid:2.16.840.1.113883.2.4.15.111"/>
            <!--  "AssignedRoleType" coding system  -->
            <code value="01.011"/>
            <display value="Cardiothoracal surgery"/>
        </coding>
        <text value="specialisation"/>
    </specialty>
		</practitionerRole>
    <communication>
        <coding>
            <system value="urn:oid:2.16.840.1.113883.6.121"/>
            <!--  List of ISO 639-1 language codes (ISO 3066)  -->
            <code value="nl"/>
            <display value="Dutch"/>
        </coding>
    </communication>
</Practitioner>